Title,Urls
Gun - Wikipedia,https://en.wikipedia.org/wiki/Gun
"Beretta Firearms Shotguns Guns, Pistols, Rifles, Clothing ...",https://www.beretta.com/en/firearms/finder/
Gun Safety (for Parents) - Nemours KidsHealth,https://kidshealth.org/en/parents/gun-safety.html
Pistols - Guns & Rifles: Sports & Outdoors - Amazon.com,https://www.amazon.com/Airsoft-Pistols/b?ie=UTF8&node=3395191
Gun Timeline | History Detectives | PBS,https://www.pbs.org/opb/historydetectives/technique/gun-timeline/
Guns & Suicide | Harvard Public Health Magazine,https://www.hsph.harvard.edu/magazine/magazine_article/guns-suicide/
Firearms policy - YouTube Help - Google Support,https://support.google.com/youtube/answer/7667605?hl=en
"Guns Images, Stock Photos & Vectors | Shutterstock",https://www.shutterstock.com/search/guns
Guns in the Home - HealthyChildren.org,https://www.healthychildren.org/English/safety-prevention/at-home/Pages/Handguns-in-the-Home.aspx
"Beretta Firearms Shotguns Guns, Pistols, Rifles, Clothing ...",https://www.beretta.com/en/firearms/finder/
Gun Safety (for Parents) - Nemours KidsHealth,https://kidshealth.org/en/parents/gun-safety.html
Pistols - Guns & Rifles: Sports & Outdoors - Amazon.com,https://www.amazon.com/Airsoft-Pistols/b?ie=UTF8&node=3395191
Gun Timeline | History Detectives | PBS,https://www.pbs.org/opb/historydetectives/technique/gun-timeline/
Guns & Suicide | Harvard Public Health Magazine,https://www.hsph.harvard.edu/magazine/magazine_article/guns-suicide/
Firearms policy - YouTube Help - Google Support,https://support.google.com/youtube/answer/7667605?hl=en
"Guns Images, Stock Photos & Vectors | Shutterstock",https://www.shutterstock.com/search/guns
Guns in the Home - HealthyChildren.org,https://www.healthychildren.org/English/safety-prevention/at-home/Pages/Handguns-in-the-Home.aspx
27+ Gun Photos | Download Free Images On Unsplash,https://unsplash.com/s/photos/gun
Guns in America: Attitudes and Experiences of Americans,https://www.pewresearch.org/social-trends/2017/06/22/americas-complex-relationship-with-guns/
"Beretta Firearms Shotguns Guns, Pistols, Rifles, Clothing ...",https://www.beretta.com/en/firearms/finder/
Gun Safety (for Parents) - Nemours KidsHealth,https://kidshealth.org/en/parents/gun-safety.html
Pistols - Guns & Rifles: Sports & Outdoors - Amazon.com,https://www.amazon.com/Airsoft-Pistols/b?ie=UTF8&node=3395191
Gun Timeline | History Detectives | PBS,https://www.pbs.org/opb/historydetectives/technique/gun-timeline/
Guns & Suicide | Harvard Public Health Magazine,https://www.hsph.harvard.edu/magazine/magazine_article/guns-suicide/
Firearms policy - YouTube Help - Google Support,https://support.google.com/youtube/answer/7667605?hl=en
"Guns Images, Stock Photos & Vectors | Shutterstock",https://www.shutterstock.com/search/guns
Guns in the Home - HealthyChildren.org,https://www.healthychildren.org/English/safety-prevention/at-home/Pages/Handguns-in-the-Home.aspx
27+ Gun Photos | Download Free Images On Unsplash,https://unsplash.com/s/photos/gun
Guns in America: Attitudes and Experiences of Americans,https://www.pewresearch.org/social-trends/2017/06/22/americas-complex-relationship-with-guns/
Gun Safety (for Parents) - Nemours KidsHealth,https://kidshealth.org/en/parents/gun-safety.html
Pistols - Guns & Rifles: Sports & Outdoors - Amazon.com,https://www.amazon.com/Airsoft-Pistols/b?ie=UTF8&node=3395191
Gun Timeline | History Detectives | PBS,https://www.pbs.org/opb/historydetectives/technique/gun-timeline/
Guns & Suicide | Harvard Public Health Magazine,https://www.hsph.harvard.edu/magazine/magazine_article/guns-suicide/
Firearms policy - YouTube Help - Google Support,https://support.google.com/youtube/answer/7667605?hl=en
"Guns Images, Stock Photos & Vectors | Shutterstock",https://www.shutterstock.com/search/guns
Guns in the Home - HealthyChildren.org,https://www.healthychildren.org/English/safety-prevention/at-home/Pages/Handguns-in-the-Home.aspx
27+ Gun Photos | Download Free Images On Unsplash,https://unsplash.com/s/photos/gun
Guns in America: Attitudes and Experiences of Americans,https://www.pewresearch.org/social-trends/2017/06/22/americas-complex-relationship-with-guns/
Guns | Bass Pro Shops,https://www.basspro.com/shop/en/guns
Pistols - Guns & Rifles: Sports & Outdoors - Amazon.com,https://www.amazon.com/Airsoft-Pistols/b?ie=UTF8&node=3395191
Gun Timeline | History Detectives | PBS,https://www.pbs.org/opb/historydetectives/technique/gun-timeline/
Guns & Suicide | Harvard Public Health Magazine,https://www.hsph.harvard.edu/magazine/magazine_article/guns-suicide/
Firearms policy - YouTube Help - Google Support,https://support.google.com/youtube/answer/7667605?hl=en
"Guns Images, Stock Photos & Vectors | Shutterstock",https://www.shutterstock.com/search/guns
Guns in the Home - HealthyChildren.org,https://www.healthychildren.org/English/safety-prevention/at-home/Pages/Handguns-in-the-Home.aspx
27+ Gun Photos | Download Free Images On Unsplash,https://unsplash.com/s/photos/gun
Guns in America: Attitudes and Experiences of Americans,https://www.pewresearch.org/social-trends/2017/06/22/americas-complex-relationship-with-guns/
Guns | Bass Pro Shops,https://www.basspro.com/shop/en/guns
Firearms & Guns For Sale Online - Academy Sports + Outdoors,https://www.academy.com/shop/browse/outdoors/shooting/firearms
Gun Timeline | History Detectives | PBS,https://www.pbs.org/opb/historydetectives/technique/gun-timeline/
Guns & Suicide | Harvard Public Health Magazine,https://www.hsph.harvard.edu/magazine/magazine_article/guns-suicide/
Firearms policy - YouTube Help - Google Support,https://support.google.com/youtube/answer/7667605?hl=en
"Guns Images, Stock Photos & Vectors | Shutterstock",https://www.shutterstock.com/search/guns
Guns in the Home - HealthyChildren.org,https://www.healthychildren.org/English/safety-prevention/at-home/Pages/Handguns-in-the-Home.aspx
27+ Gun Photos | Download Free Images On Unsplash,https://unsplash.com/s/photos/gun
Guns in America: Attitudes and Experiences of Americans,https://www.pewresearch.org/social-trends/2017/06/22/americas-complex-relationship-with-guns/
Guns | Bass Pro Shops,https://www.basspro.com/shop/en/guns
Firearms & Guns For Sale Online - Academy Sports + Outdoors,https://www.academy.com/shop/browse/outdoors/shooting/firearms
Opinion | Kyle Rittenhouse's Firearm Made Everything Worse,https://www.nytimes.com/2021/11/17/opinion/kyle-rittenhouse-guns.html
Guns & Suicide | Harvard Public Health Magazine,https://www.hsph.harvard.edu/magazine/magazine_article/guns-suicide/
Firearms policy - YouTube Help - Google Support,https://support.google.com/youtube/answer/7667605?hl=en
"Guns Images, Stock Photos & Vectors | Shutterstock",https://www.shutterstock.com/search/guns
Guns in the Home - HealthyChildren.org,https://www.healthychildren.org/English/safety-prevention/at-home/Pages/Handguns-in-the-Home.aspx
27+ Gun Photos | Download Free Images On Unsplash,https://unsplash.com/s/photos/gun
Guns in America: Attitudes and Experiences of Americans,https://www.pewresearch.org/social-trends/2017/06/22/americas-complex-relationship-with-guns/
Guns | Bass Pro Shops,https://www.basspro.com/shop/en/guns
Firearms & Guns For Sale Online - Academy Sports + Outdoors,https://www.academy.com/shop/browse/outdoors/shooting/firearms
Opinion | Kyle Rittenhouse's Firearm Made Everything Worse,https://www.nytimes.com/2021/11/17/opinion/kyle-rittenhouse-guns.html
The acquittal of Kyle Rittenhouse shows America's divide over ...,https://www.economist.com/united-states/2021/11/20/the-acquittal-of-kyle-rittenhouse-shows-americas-divide-over-guns
Firearms policy - YouTube Help - Google Support,https://support.google.com/youtube/answer/7667605?hl=en
"Guns Images, Stock Photos & Vectors | Shutterstock",https://www.shutterstock.com/search/guns
Guns in the Home - HealthyChildren.org,https://www.healthychildren.org/English/safety-prevention/at-home/Pages/Handguns-in-the-Home.aspx
27+ Gun Photos | Download Free Images On Unsplash,https://unsplash.com/s/photos/gun
750+ Guns Pictures | Download Free Images on Unsplash,https://unsplash.com/s/photos/guns
Guns in America: Attitudes and Experiences of Americans,https://www.pewresearch.org/social-trends/2017/06/22/americas-complex-relationship-with-guns/
Guns | Bass Pro Shops,https://www.basspro.com/shop/en/guns
Firearms & Guns For Sale Online - Academy Sports + Outdoors,https://www.academy.com/shop/browse/outdoors/shooting/firearms
Opinion | Kyle Rittenhouse's Firearm Made Everything Worse,https://www.nytimes.com/2021/11/17/opinion/kyle-rittenhouse-guns.html
The acquittal of Kyle Rittenhouse shows America's divide over ...,https://www.economist.com/united-states/2021/11/20/the-acquittal-of-kyle-rittenhouse-shows-americas-divide-over-guns
"Guns Images, Stock Photos & Vectors | Shutterstock",https://www.shutterstock.com/search/guns
Guns in the Home - HealthyChildren.org,https://www.healthychildren.org/English/safety-prevention/at-home/Pages/Handguns-in-the-Home.aspx
27+ Gun Photos | Download Free Images On Unsplash,https://unsplash.com/s/photos/gun
750+ Guns Pictures | Download Free Images on Unsplash,https://unsplash.com/s/photos/guns
Guns in America: Attitudes and Experiences of Americans,https://www.pewresearch.org/social-trends/2017/06/22/americas-complex-relationship-with-guns/
Guns | Bass Pro Shops,https://www.basspro.com/shop/en/guns
Firearms & Guns For Sale Online - Academy Sports + Outdoors,https://www.academy.com/shop/browse/outdoors/shooting/firearms
Opinion | Kyle Rittenhouse's Firearm Made Everything Worse,https://www.nytimes.com/2021/11/17/opinion/kyle-rittenhouse-guns.html
The acquittal of Kyle Rittenhouse shows America's divide over ...,https://www.economist.com/united-states/2021/11/20/the-acquittal-of-kyle-rittenhouse-shows-americas-divide-over-guns
The trial of Kyle Rittenhouse shows America's divide over guns,https://www.economist.com/united-states/2021/11/20/the-trial-of-kyle-rittenhouse-shows-americas-divide-over-guns
Guns in the Home - HealthyChildren.org,https://www.healthychildren.org/English/safety-prevention/at-home/Pages/Handguns-in-the-Home.aspx
27+ Gun Photos | Download Free Images On Unsplash,https://unsplash.com/s/photos/gun
750+ Guns Pictures | Download Free Images on Unsplash,https://unsplash.com/s/photos/guns
Guns in America: Attitudes and Experiences of Americans,https://www.pewresearch.org/social-trends/2017/06/22/americas-complex-relationship-with-guns/
Guns | Bass Pro Shops,https://www.basspro.com/shop/en/guns
Firearms & Guns For Sale Online - Academy Sports + Outdoors,https://www.academy.com/shop/browse/outdoors/shooting/firearms
Opinion | Kyle Rittenhouse's Firearm Made Everything Worse,https://www.nytimes.com/2021/11/17/opinion/kyle-rittenhouse-guns.html
The acquittal of Kyle Rittenhouse shows America's divide over ...,https://www.economist.com/united-states/2021/11/20/the-acquittal-of-kyle-rittenhouse-shows-americas-divide-over-guns
The trial of Kyle Rittenhouse shows America's divide over guns,https://www.economist.com/united-states/2021/11/20/the-trial-of-kyle-rittenhouse-shows-americas-divide-over-guns
"machine gun | History, Description, & Facts | Britannica",https://www.britannica.com/technology/machine-gun
27+ Gun Photos | Download Free Images On Unsplash,https://unsplash.com/s/photos/gun
750+ Guns Pictures | Download Free Images on Unsplash,https://unsplash.com/s/photos/guns
Guns in America: Attitudes and Experiences of Americans,https://www.pewresearch.org/social-trends/2017/06/22/americas-complex-relationship-with-guns/
Guns | Bass Pro Shops,https://www.basspro.com/shop/en/guns
Firearms & Guns For Sale Online - Academy Sports + Outdoors,https://www.academy.com/shop/browse/outdoors/shooting/firearms
Opinion | Kyle Rittenhouse's Firearm Made Everything Worse,https://www.nytimes.com/2021/11/17/opinion/kyle-rittenhouse-guns.html
The acquittal of Kyle Rittenhouse shows America's divide over ...,https://www.economist.com/united-states/2021/11/20/the-acquittal-of-kyle-rittenhouse-shows-americas-divide-over-guns
The trial of Kyle Rittenhouse shows America's divide over guns,https://www.economist.com/united-states/2021/11/20/the-trial-of-kyle-rittenhouse-shows-americas-divide-over-guns
"machine gun | History, Description, & Facts | Britannica",https://www.britannica.com/technology/machine-gun
Gun Definition & Meaning - Merriam-Webster,https://www.merriam-webster.com/dictionary/gun
Guns | Bass Pro Shops,https://www.basspro.com/shop/en/guns
Firearms & Guns For Sale Online - Academy Sports + Outdoors,https://www.academy.com/shop/browse/outdoors/shooting/firearms
Opinion | Kyle Rittenhouse's Firearm Made Everything Worse,https://www.nytimes.com/2021/11/17/opinion/kyle-rittenhouse-guns.html
The acquittal of Kyle Rittenhouse shows America's divide over ...,https://www.economist.com/united-states/2021/11/20/the-acquittal-of-kyle-rittenhouse-shows-americas-divide-over-guns
The trial of Kyle Rittenhouse shows America's divide over guns,https://www.economist.com/united-states/2021/11/20/the-trial-of-kyle-rittenhouse-shows-americas-divide-over-guns
750+ Guns Pictures | Download Free Images on Unsplash,https://unsplash.com/s/photos/guns
"machine gun | History, Description, & Facts | Britannica",https://www.britannica.com/technology/machine-gun
Gun Definition & Meaning - Merriam-Webster,https://www.merriam-webster.com/dictionary/gun
Three million more guns: The Spring 2020 spike in firearm sales,https://www.brookings.edu/blog/up-front/2020/07/13/three-million-more-guns-the-spring-2020-spike-in-firearm-sales/
Battle Toys & Toy Guns - Flipkart,https://www.flipkart.com/toys/action-toys/battle-toys/pr?sid=tng%2Csv3%2Cp36
Guns | Bass Pro Shops,https://www.basspro.com/shop/en/guns
Firearms & Guns For Sale Online - Academy Sports + Outdoors,https://www.academy.com/shop/browse/outdoors/shooting/firearms
The acquittal of Kyle Rittenhouse shows America's divide over ...,https://www.economist.com/united-states/2021/11/20/the-acquittal-of-kyle-rittenhouse-shows-americas-divide-over-guns
The trial of Kyle Rittenhouse shows America's divide over guns,https://www.economist.com/united-states/2021/11/20/the-trial-of-kyle-rittenhouse-shows-americas-divide-over-guns
Opinion | Kyle Rittenhouse's Firearm Made Everything Worse,https://www.nytimes.com/2021/11/17/opinion/kyle-rittenhouse-guns.html
750+ Guns Pictures | Download Free Images on Unsplash,https://unsplash.com/s/photos/guns
"machine gun | History, Description, & Facts | Britannica",https://www.britannica.com/technology/machine-gun
Gun Definition & Meaning - Merriam-Webster,https://www.merriam-webster.com/dictionary/gun
Three million more guns: The Spring 2020 spike in firearm sales,https://www.brookings.edu/blog/up-front/2020/07/13/three-million-more-guns-the-spring-2020-spike-in-firearm-sales/
Battle Toys & Toy Guns - Flipkart,https://www.flipkart.com/toys/action-toys/battle-toys/pr?sid=tng%2Csv3%2Cp36
Firearms & Guns For Sale Online - Academy Sports + Outdoors,https://www.academy.com/shop/browse/outdoors/shooting/firearms
The acquittal of Kyle Rittenhouse shows America's divide over ...,https://www.economist.com/united-states/2021/11/20/the-acquittal-of-kyle-rittenhouse-shows-americas-divide-over-guns
The trial of Kyle Rittenhouse shows America's divide over guns,https://www.economist.com/united-states/2021/11/20/the-trial-of-kyle-rittenhouse-shows-americas-divide-over-guns
Opinion | Kyle Rittenhouse's Firearm Made Everything Worse,https://www.nytimes.com/2021/11/17/opinion/kyle-rittenhouse-guns.html
750+ Guns Pictures | Download Free Images on Unsplash,https://unsplash.com/s/photos/guns
"machine gun | History, Description, & Facts | Britannica",https://www.britannica.com/technology/machine-gun
Gun Definition & Meaning - Merriam-Webster,https://www.merriam-webster.com/dictionary/gun
Three million more guns: The Spring 2020 spike in firearm sales,https://www.brookings.edu/blog/up-front/2020/07/13/three-million-more-guns-the-spring-2020-spike-in-firearm-sales/
Battle Toys & Toy Guns - Flipkart,https://www.flipkart.com/toys/action-toys/battle-toys/pr?sid=tng%2Csv3%2Cp36
"2,000+ Free Gun & War Images - Pixabay",https://pixabay.com/images/search/gun/
The acquittal of Kyle Rittenhouse shows America's divide over ...,https://www.economist.com/united-states/2021/11/20/the-acquittal-of-kyle-rittenhouse-shows-americas-divide-over-guns
The trial of Kyle Rittenhouse shows America's divide over guns,https://www.economist.com/united-states/2021/11/20/the-trial-of-kyle-rittenhouse-shows-americas-divide-over-guns
Opinion | Kyle Rittenhouse's Firearm Made Everything Worse,https://www.nytimes.com/2021/11/17/opinion/kyle-rittenhouse-guns.html
750+ Guns Pictures | Download Free Images on Unsplash,https://unsplash.com/s/photos/guns
"machine gun | History, Description, & Facts | Britannica",https://www.britannica.com/technology/machine-gun
Gun Definition & Meaning - Merriam-Webster,https://www.merriam-webster.com/dictionary/gun
Three million more guns: The Spring 2020 spike in firearm sales,https://www.brookings.edu/blog/up-front/2020/07/13/three-million-more-guns-the-spring-2020-spike-in-firearm-sales/
Battle Toys & Toy Guns - Flipkart,https://www.flipkart.com/toys/action-toys/battle-toys/pr?sid=tng%2Csv3%2Cp36
"2,000+ Free Gun & War Images - Pixabay",https://pixabay.com/images/search/gun/
Florida woman caught crossing the U.S. border into Canada ...,https://www.blogto.com/city/2021/11/florida-woman-crossing-us-border-canada-56-guns/
Opinion | Kyle Rittenhouse's Firearm Made Everything Worse,https://www.nytimes.com/2021/11/17/opinion/kyle-rittenhouse-guns.html
The trial of Kyle Rittenhouse shows America's divide over guns,https://www.economist.com/united-states/2021/11/20/the-trial-of-kyle-rittenhouse-shows-americas-divide-over-guns
750+ Guns Pictures | Download Free Images on Unsplash,https://unsplash.com/s/photos/guns
"machine gun | History, Description, & Facts | Britannica",https://www.britannica.com/technology/machine-gun
Gun Definition & Meaning - Merriam-Webster,https://www.merriam-webster.com/dictionary/gun
Three million more guns: The Spring 2020 spike in firearm sales,https://www.brookings.edu/blog/up-front/2020/07/13/three-million-more-guns-the-spring-2020-spike-in-firearm-sales/
Battle Toys & Toy Guns - Flipkart,https://www.flipkart.com/toys/action-toys/battle-toys/pr?sid=tng%2Csv3%2Cp36
"2,000+ Free Gun & War Images - Pixabay",https://pixabay.com/images/search/gun/
Florida woman caught crossing the U.S. border into Canada ...,https://www.blogto.com/city/2021/11/florida-woman-crossing-us-border-canada-56-guns/
Weapons - Garena Free Fire,https://ff.garena.com/weapons/index/en/
Opinion | Kyle Rittenhouse's Firearm Made Everything Worse,https://www.nytimes.com/2021/11/17/opinion/kyle-rittenhouse-guns.html
750+ Guns Pictures | Download Free Images on Unsplash,https://unsplash.com/s/photos/guns
"machine gun | History, Description, & Facts | Britannica",https://www.britannica.com/technology/machine-gun
Gun Definition & Meaning - Merriam-Webster,https://www.merriam-webster.com/dictionary/gun
Three million more guns: The Spring 2020 spike in firearm sales,https://www.brookings.edu/blog/up-front/2020/07/13/three-million-more-guns-the-spring-2020-spike-in-firearm-sales/
Battle Toys & Toy Guns - Flipkart,https://www.flipkart.com/toys/action-toys/battle-toys/pr?sid=tng%2Csv3%2Cp36
"2,000+ Free Gun & War Images - Pixabay",https://pixabay.com/images/search/gun/
Florida woman caught crossing the U.S. border into Canada ...,https://www.blogto.com/city/2021/11/florida-woman-crossing-us-border-canada-56-guns/
Weapons - Garena Free Fire,https://ff.garena.com/weapons/index/en/
Guns - The Official Terraria Wiki,https://terraria.fandom.com/wiki/Guns
Opinion | Kyle Rittenhouse's Firearm Made Everything Worse,https://www.nytimes.com/2021/11/17/opinion/kyle-rittenhouse-guns.html
"machine gun | History, Description, & Facts | Britannica",https://www.britannica.com/technology/machine-gun
Gun Definition & Meaning - Merriam-Webster,https://www.merriam-webster.com/dictionary/gun
Three million more guns: The Spring 2020 spike in firearm sales,https://www.brookings.edu/blog/up-front/2020/07/13/three-million-more-guns-the-spring-2020-spike-in-firearm-sales/
Battle Toys & Toy Guns - Flipkart,https://www.flipkart.com/toys/action-toys/battle-toys/pr?sid=tng%2Csv3%2Cp36
"2,000+ Free Gun & War Images - Pixabay",https://pixabay.com/images/search/gun/
Florida woman caught crossing the U.S. border into Canada ...,https://www.blogto.com/city/2021/11/florida-woman-crossing-us-border-canada-56-guns/
Weapons - Garena Free Fire,https://ff.garena.com/weapons/index/en/
Guns - The Official Terraria Wiki,https://terraria.fandom.com/wiki/Guns
Guns N' Roses,https://www.gunsnroses.com/
"machine gun | History, Description, & Facts | Britannica",https://www.britannica.com/technology/machine-gun
Gun Definition & Meaning - Merriam-Webster,https://www.merriam-webster.com/dictionary/gun
Three million more guns: The Spring 2020 spike in firearm sales,https://www.brookings.edu/blog/up-front/2020/07/13/three-million-more-guns-the-spring-2020-spike-in-firearm-sales/
Battle Toys & Toy Guns - Flipkart,https://www.flipkart.com/toys/action-toys/battle-toys/pr?sid=tng%2Csv3%2Cp36
"2,000+ Free Gun & War Images - Pixabay",https://pixabay.com/images/search/gun/
Florida woman caught crossing the U.S. border into Canada ...,https://www.blogto.com/city/2021/11/florida-woman-crossing-us-border-canada-56-guns/
Weapons - Garena Free Fire,https://ff.garena.com/weapons/index/en/
Guns - The Official Terraria Wiki,https://terraria.fandom.com/wiki/Guns
Guns N' Roses,https://www.gunsnroses.com/
Guns (TV Mini Series 2008– ) - IMDb,https://www.imdb.com/title/tt1077173/
Gun Definition & Meaning - Merriam-Webster,https://www.merriam-webster.com/dictionary/gun
Three million more guns: The Spring 2020 spike in firearm sales,https://www.brookings.edu/blog/up-front/2020/07/13/three-million-more-guns-the-spring-2020-spike-in-firearm-sales/
Battle Toys & Toy Guns - Flipkart,https://www.flipkart.com/toys/action-toys/battle-toys/pr?sid=tng%2Csv3%2Cp36
"2,000+ Free Gun & War Images - Pixabay",https://pixabay.com/images/search/gun/
Florida woman caught crossing the U.S. border into Canada ...,https://www.blogto.com/city/2021/11/florida-woman-crossing-us-border-canada-56-guns/
Weapons - Garena Free Fire,https://ff.garena.com/weapons/index/en/
Guns - The Official Terraria Wiki,https://terraria.fandom.com/wiki/Guns
Guns N' Roses,https://www.gunsnroses.com/
Guns (TV Mini Series 2008– ) - IMDb,https://www.imdb.com/title/tt1077173/
The Easiest Place to Buy Guns :: Guns.com,https://www.guns.com/
Three million more guns: The Spring 2020 spike in firearm sales,https://www.brookings.edu/blog/up-front/2020/07/13/three-million-more-guns-the-spring-2020-spike-in-firearm-sales/
Battle Toys & Toy Guns - Flipkart,https://www.flipkart.com/toys/action-toys/battle-toys/pr?sid=tng%2Csv3%2Cp36
"2,000+ Free Gun & War Images - Pixabay",https://pixabay.com/images/search/gun/
Florida woman caught crossing the U.S. border into Canada ...,https://www.blogto.com/city/2021/11/florida-woman-crossing-us-border-canada-56-guns/
Weapons - Garena Free Fire,https://ff.garena.com/weapons/index/en/
Guns - The Official Terraria Wiki,https://terraria.fandom.com/wiki/Guns
Guns N' Roses,https://www.gunsnroses.com/
Guns (TV Mini Series 2008– ) - IMDb,https://www.imdb.com/title/tt1077173/
The Easiest Place to Buy Guns :: Guns.com,https://www.guns.com/
Gun Definition & Meaning | Dictionary.com,https://www.dictionary.com/browse/gun
"2,000+ Free Gun & War Images - Pixabay",https://pixabay.com/images/search/gun/
Florida woman caught crossing the U.S. border into Canada ...,https://www.blogto.com/city/2021/11/florida-woman-crossing-us-border-canada-56-guns/
Weapons - Garena Free Fire,https://ff.garena.com/weapons/index/en/
Guns - The Official Terraria Wiki,https://terraria.fandom.com/wiki/Guns
Guns N' Roses,https://www.gunsnroses.com/
Guns (TV Mini Series 2008– ) - IMDb,https://www.imdb.com/title/tt1077173/
The Easiest Place to Buy Guns :: Guns.com,https://www.guns.com/
Gun Definition & Meaning | Dictionary.com,https://www.dictionary.com/browse/gun
Guns of Boom Online PvP Action - Apps on Google Play,https://play.google.com/store/apps/details?id=com.gameinsight.gobandroid&hl=en_US&gl=US
Gun definition and meaning | Collins English Dictionary,https://www.collinsdictionary.com/dictionary/english/gun
"2,000+ Free Gun & War Images - Pixabay",https://pixabay.com/images/search/gun/
Florida woman caught crossing the U.S. border into Canada ...,https://www.blogto.com/city/2021/11/florida-woman-crossing-us-border-canada-56-guns/
Weapons - Garena Free Fire,https://ff.garena.com/weapons/index/en/
Guns - The Official Terraria Wiki,https://terraria.fandom.com/wiki/Guns
Guns N' Roses,https://www.gunsnroses.com/
Guns (TV Mini Series 2008– ) - IMDb,https://www.imdb.com/title/tt1077173/
The Easiest Place to Buy Guns :: Guns.com,https://www.guns.com/
Gun Definition & Meaning | Dictionary.com,https://www.dictionary.com/browse/gun
Guns of Boom Online PvP Action - Apps on Google Play,https://play.google.com/store/apps/details?id=com.gameinsight.gobandroid&hl=en_US&gl=US
"In the US, drugs are taking more lives than guns, car crashes ...",https://www.youtube.com/watch?v=PZH0Sa50Nuo
Florida woman caught crossing the U.S. border into Canada ...,https://www.blogto.com/city/2021/11/florida-woman-crossing-us-border-canada-56-guns/
Weapons - Garena Free Fire,https://ff.garena.com/weapons/index/en/
Guns - The Official Terraria Wiki,https://terraria.fandom.com/wiki/Guns
Guns N' Roses,https://www.gunsnroses.com/
Guns (TV Mini Series 2008– ) - IMDb,https://www.imdb.com/title/tt1077173/
The Easiest Place to Buy Guns :: Guns.com,https://www.guns.com/
Gun Definition & Meaning | Dictionary.com,https://www.dictionary.com/browse/gun
10 Most Powerful GUNS in the World in Action - YouTube,https://www.youtube.com/watch?v=lr0pnDSU0Sg
Guns of Boom Online PvP Action - Apps on Google Play,https://play.google.com/store/apps/details?id=com.gameinsight.gobandroid&hl=en_US&gl=US
Gun definition and meaning | Collins English Dictionary,https://www.collinsdictionary.com/dictionary/english/gun
Weapons - Garena Free Fire,https://ff.garena.com/weapons/index/en/
Guns - The Official Terraria Wiki,https://terraria.fandom.com/wiki/Guns
Guns N' Roses,https://www.gunsnroses.com/
Guns (TV Mini Series 2008– ) - IMDb,https://www.imdb.com/title/tt1077173/
The Easiest Place to Buy Guns :: Guns.com,https://www.guns.com/
Gun Definition & Meaning | Dictionary.com,https://www.dictionary.com/browse/gun
10 Most Powerful GUNS in the World in Action - YouTube,https://www.youtube.com/watch?v=lr0pnDSU0Sg
Guns of Boom Online PvP Action - Apps on Google Play,https://play.google.com/store/apps/details?id=com.gameinsight.gobandroid&hl=en_US&gl=US
Gun definition and meaning | Collins English Dictionary,https://www.collinsdictionary.com/dictionary/english/gun
Guns & glory: Hyderabad women take to shooting - Times of ...,https://timesofindia.indiatimes.com/city/hyderabad/guns-glory-city-women-take-to-shooting/articleshow/87807425.cms
Guns - The Official Terraria Wiki,https://terraria.fandom.com/wiki/Guns
Guns N' Roses,https://www.gunsnroses.com/
Guns (TV Mini Series 2008– ) - IMDb,https://www.imdb.com/title/tt1077173/
The Easiest Place to Buy Guns :: Guns.com,https://www.guns.com/
Gun Definition & Meaning | Dictionary.com,https://www.dictionary.com/browse/gun
10 Most Powerful GUNS in the World in Action - YouTube,https://www.youtube.com/watch?v=lr0pnDSU0Sg
Guns of Boom Online PvP Action - Apps on Google Play,https://play.google.com/store/apps/details?id=com.gameinsight.gobandroid&hl=en_US&gl=US
Gun definition and meaning | Collins English Dictionary,https://www.collinsdictionary.com/dictionary/english/gun
Guns & glory: Hyderabad women take to shooting - Times of ...,https://timesofindia.indiatimes.com/city/hyderabad/guns-glory-city-women-take-to-shooting/articleshow/87807425.cms
Guns of Boom Online PVP Action,https://gunsofboom.com/
Guns N' Roses,https://www.gunsnroses.com/
Guns (TV Mini Series 2008– ) - IMDb,https://www.imdb.com/title/tt1077173/
The Easiest Place to Buy Guns :: Guns.com,https://www.guns.com/
Gun Definition & Meaning | Dictionary.com,https://www.dictionary.com/browse/gun
10 Most Powerful GUNS in the World in Action - YouTube,https://www.youtube.com/watch?v=lr0pnDSU0Sg
Guns of Boom Online PvP Action - Apps on Google Play,https://play.google.com/store/apps/details?id=com.gameinsight.gobandroid&hl=en_US&gl=US
Gun definition and meaning | Collins English Dictionary,https://www.collinsdictionary.com/dictionary/english/gun
Guns & glory: Hyderabad women take to shooting - Times of ...,https://timesofindia.indiatimes.com/city/hyderabad/guns-glory-city-women-take-to-shooting/articleshow/87807425.cms
Guns of Boom Online PVP Action,https://gunsofboom.com/
Arsenal's young guns face test of recent resurgence against ...,https://www.theguardian.com/football/2021/nov/19/arsenals-young-guns-face-test-of-recent-resurgence-against-liverpool
Guns (TV Mini Series 2008– ) - IMDb,https://www.imdb.com/title/tt1077173/
The Easiest Place to Buy Guns :: Guns.com,https://www.guns.com/
Gun Definition & Meaning | Dictionary.com,https://www.dictionary.com/browse/gun
10 Most Powerful GUNS in the World in Action - YouTube,https://www.youtube.com/watch?v=lr0pnDSU0Sg
Guns of Boom Online PvP Action - Apps on Google Play,https://play.google.com/store/apps/details?id=com.gameinsight.gobandroid&hl=en_US&gl=US
Gun definition and meaning | Collins English Dictionary,https://www.collinsdictionary.com/dictionary/english/gun
Guns & glory: Hyderabad women take to shooting - Times of ...,https://timesofindia.indiatimes.com/city/hyderabad/guns-glory-city-women-take-to-shooting/articleshow/87807425.cms
Guns of Boom Online PVP Action,https://gunsofboom.com/
Arsenal's young guns face test of recent resurgence against ...,https://www.theguardian.com/football/2021/nov/19/arsenals-young-guns-face-test-of-recent-resurgence-against-liverpool
Kyle Rittenhouse Verdict and Open Carry ... - Esquire,https://www.esquire.com/news-politics/a38304422/kyle-rittenhouse-verdict-open-carry-guns-in-public/
The Easiest Place to Buy Guns :: Guns.com,https://www.guns.com/
Gun Definition & Meaning | Dictionary.com,https://www.dictionary.com/browse/gun
10 Most Powerful GUNS in the World in Action - YouTube,https://www.youtube.com/watch?v=lr0pnDSU0Sg
Guns of Boom Online PvP Action - Apps on Google Play,https://play.google.com/store/apps/details?id=com.gameinsight.gobandroid&hl=en_US&gl=US
Gun definition and meaning | Collins English Dictionary,https://www.collinsdictionary.com/dictionary/english/gun
Guns & glory: Hyderabad women take to shooting - Times of ...,https://timesofindia.indiatimes.com/city/hyderabad/guns-glory-city-women-take-to-shooting/articleshow/87807425.cms
Guns of Boom Online PVP Action,https://gunsofboom.com/
Arsenal's young guns face test of recent resurgence against ...,https://www.theguardian.com/football/2021/nov/19/arsenals-young-guns-face-test-of-recent-resurgence-against-liverpool
Kyle Rittenhouse Verdict and Open Carry ... - Esquire,https://www.esquire.com/news-politics/a38304422/kyle-rittenhouse-verdict-open-carry-guns-in-public/
Meet the young guns whose slogans kept the fire ignited at ...,https://indianexpress.com/article/cities/ludhiana/farmers-protest-young-guns-slogans-fire-ignited-kisan-morchas-7631626/
Gun Definition & Meaning | Dictionary.com,https://www.dictionary.com/browse/gun
10 Most Powerful GUNS in the World in Action - YouTube,https://www.youtube.com/watch?v=lr0pnDSU0Sg
Guns of Boom Online PvP Action - Apps on Google Play,https://play.google.com/store/apps/details?id=com.gameinsight.gobandroid&hl=en_US&gl=US
Gun definition and meaning | Collins English Dictionary,https://www.collinsdictionary.com/dictionary/english/gun
Guns & glory: Hyderabad women take to shooting - Times of ...,https://timesofindia.indiatimes.com/city/hyderabad/guns-glory-city-women-take-to-shooting/articleshow/87807425.cms
Guns of Boom Online PVP Action,https://gunsofboom.com/
Arsenal's young guns face test of recent resurgence against ...,https://www.theguardian.com/football/2021/nov/19/arsenals-young-guns-face-test-of-recent-resurgence-against-liverpool
Kyle Rittenhouse Verdict and Open Carry ... - Esquire,https://www.esquire.com/news-politics/a38304422/kyle-rittenhouse-verdict-open-carry-guns-in-public/
Meet the young guns whose slogans kept the fire ignited at ...,https://indianexpress.com/article/cities/ludhiana/farmers-protest-young-guns-slogans-fire-ignited-kisan-morchas-7631626/
700+ Best Guns Videos · 100% Free Download - Pexels,https://www.pexels.com/search/videos/guns/
